"","부류","초능력"
"1","예술인","믿는다"
"2","예술인","믿는다"
"3","예술인","믿는다"
"4","예술인","믿는다"
"5","예술인","믿는다"
"6","예술인","믿는다"
"7","예술인","믿는다"
"8","예술인","믿는다"
"9","예술인","믿는다"
"10","예술인","믿는다"
"11","예술인","믿는다"
"12","예술인","믿는다"
"13","예술인","믿는다"
"14","예술인","믿는다"
"15","예술인","믿는다"
"16","예술인","믿는다"
"17","예술인","믿는다"
"18","예술인","믿는다"
"19","예술인","믿는다"
"20","예술인","믿는다"
"21","예술인","믿는다"
"22","예술인","믿는다"
"23","예술인","믿는다"
"24","예술인","믿는다"
"25","예술인","믿는다"
"26","예술인","믿는다"
"27","예술인","믿는다"
"28","예술인","믿는다"
"29","예술인","믿는다"
"30","예술인","믿는다"
"31","예술인","믿는다"
"32","예술인","믿는다"
"33","전문직장인","믿는다"
"34","전문직장인","믿는다"
"35","전문직장인","믿는다"
"36","전문직장인","믿는다"
"37","전문직장인","믿는다"
"38","전문직장인","믿는다"
"39","전문직장인","믿는다"
"40","전문직장인","믿는다"
"41","전문직장인","믿는다"
"42","전문직장인","믿는다"
"43","전문직장인","믿는다"
"44","전문직장인","믿는다"
"45","전문직장인","믿는다"
"46","전문직장인","믿는다"
"47","전문직장인","믿는다"
"48","전문직장인","믿는다"
"49","전문직장인","믿는다"
"50","전문직장인","믿는다"
"51","전문직장인","믿는다"
"52","전문직장인","믿는다"
"53","전문직장인","믿는다"
"54","전문직장인","믿는다"
"55","전문직장인","믿는다"
"56","전문직장인","믿는다"
"57","전문직장인","믿는다"
"58","전문직장인","믿는다"
"59","전문직장인","믿는다"
"60","전문직장인","믿는다"
"61","전문직장인","믿는다"
"62","전문직장인","믿는다"
"63","전문직장인","믿는다"
"64","전문직장인","믿는다"
"65","전문직장인","믿는다"
"66","전문직장인","믿는다"
"67","전문직장인","믿는다"
"68","전문직장인","믿는다"
"69","전문직장인","믿는다"
"70","전문직장인","믿는다"
"71","전문직장인","믿는다"
"72","전문직장인","믿는다"
"73","전문직장인","믿는다"
"74","전문직장인","믿는다"
"75","전문직장인","믿는다"
"76","전문직장인","믿는다"
"77","전문직장인","믿는다"
"78","전문직장인","믿는다"
"79","전문직장인","믿는다"
"80","전문직장인","믿는다"
"81","일반직장인","믿는다"
"82","일반직장인","믿는다"
"83","일반직장인","믿는다"
"84","일반직장인","믿는다"
"85","일반직장인","믿는다"
"86","일반직장인","믿는다"
"87","일반직장인","믿는다"
"88","일반직장인","믿는다"
"89","일반직장인","믿는다"
"90","일반직장인","믿는다"
"91","일반직장인","믿는다"
"92","일반직장인","믿는다"
"93","일반직장인","믿는다"
"94","일반직장인","믿는다"
"95","일반직장인","믿는다"
"96","일반직장인","믿는다"
"97","일반직장인","믿는다"
"98","일반직장인","믿는다"
"99","일반직장인","믿는다"
"100","일반직장인","믿는다"
"101","일반직장인","믿는다"
"102","일반직장인","믿는다"
"103","일반직장인","믿는다"
"104","일반직장인","믿는다"
"105","일반직장인","믿는다"
"106","일반직장인","믿는다"
"107","일반직장인","믿는다"
"108","일반직장인","믿는다"
"109","일반직장인","믿는다"
"110","일반직장인","믿는다"
"111","일반직장인","믿는다"
"112","일반직장인","믿는다"
"113","일반직장인","믿는다"
"114","일반직장인","믿는다"
"115","일반직장인","믿는다"
"116","일반직장인","믿는다"
"117","일반직장인","믿는다"
"118","일반직장인","믿는다"
"119","일반직장인","믿는다"
"120","일반직장인","믿는다"
"121","일반직장인","믿는다"
"122","일반직장인","믿는다"
"123","일반직장인","믿는다"
"124","일반직장인","믿는다"
"125","일반직장인","믿는다"
"126","일반직장인","믿는다"
"127","일반직장인","믿는다"
"128","일반직장인","믿는다"
"129","일반직장인","믿는다"
"130","일반직장인","믿는다"
"131","일반직장인","믿는다"
"132","일반직장인","믿는다"
"133","일반직장인","믿는다"
"134","일반직장인","믿는다"
"135","일반직장인","믿는다"
"136","일반직장인","믿는다"
"137","일반직장인","믿는다"
"138","일반직장인","믿는다"
"139","일반직장인","믿는다"
"140","일반직장인","믿는다"
"141","일반직장인","믿는다"
"142","일반직장인","믿는다"
"143","일반직장인","믿는다"
"144","일반직장인","믿는다"
"145","일반직장인","믿는다"
"146","일반직장인","믿는다"
"147","일반직장인","믿는다"
"148","일반직장인","믿는다"
"149","일반직장인","믿는다"
"150","일반직장인","믿는다"
"151","일반직장인","믿는다"
"152","일반직장인","믿는다"
"153","일반직장인","믿는다"
"154","일반직장인","믿는다"
"155","일반직장인","믿는다"
"156","일반직장인","믿는다"
"157","일반직장인","믿는다"
"158","일반직장인","믿는다"
"159","일반직장인","믿는다"
"160","일반직장인","믿는다"
"161","일반직장인","믿는다"
"162","일반직장인","믿는다"
"163","일반직장인","믿는다"
"164","일반직장인","믿는다"
"165","일반직장인","믿는다"
"166","일반직장인","믿는다"
"167","일반직장인","믿는다"
"168","일반직장인","믿는다"
"169","일반직장인","믿는다"
"170","일반직장인","믿는다"
"171","일반직장인","믿는다"
"172","일반직장인","믿는다"
"173","일반직장인","믿는다"
"174","일반직장인","믿는다"
"175","일반직장인","믿는다"
"176","일반직장인","믿는다"
"177","일반직장인","믿는다"
"178","일반직장인","믿는다"
"179","일반직장인","믿는다"
"180","일반직장인","믿는다"
"181","일반직장인","믿는다"
"182","일반직장인","믿는다"
"183","일반직장인","믿는다"
"184","일반직장인","믿는다"
"185","일반직장인","믿는다"
"186","일반직장인","믿는다"
"187","일반직장인","믿는다"
"188","일반직장인","믿는다"
"189","일반직장인","믿는다"
"190","일반직장인","믿는다"
"191","일반직장인","믿는다"
"192","일반직장인","믿는다"
"193","일반직장인","믿는다"
"194","일반직장인","믿는다"
"195","일반직장인","믿는다"
"196","일반직장인","믿는다"
"197","일반직장인","믿는다"
"198","일반직장인","믿는다"
"199","일반직장인","믿는다"
"200","일반직장인","믿는다"
"201","일반직장인","믿는다"
"202","일반직장인","믿는다"
"203","일반직장인","믿는다"
"204","일반직장인","믿는다"
"205","일반직장인","믿는다"
"206","일반직장인","믿는다"
"207","일반직장인","믿는다"
"208","주부","믿는다"
"209","주부","믿는다"
"210","주부","믿는다"
"211","주부","믿는다"
"212","주부","믿는다"
"213","주부","믿는다"
"214","주부","믿는다"
"215","주부","믿는다"
"216","주부","믿는다"
"217","주부","믿는다"
"218","주부","믿는다"
"219","주부","믿는다"
"220","주부","믿는다"
"221","주부","믿는다"
"222","주부","믿는다"
"223","주부","믿는다"
"224","주부","믿는다"
"225","주부","믿는다"
"226","주부","믿는다"
"227","주부","믿는다"
"228","주부","믿는다"
"229","주부","믿는다"
"230","주부","믿는다"
"231","주부","믿는다"
"232","주부","믿는다"
"233","주부","믿는다"
"234","초등학생","믿는다"
"235","초등학생","믿는다"
"236","초등학생","믿는다"
"237","초등학생","믿는다"
"238","초등학생","믿는다"
"239","초등학생","믿는다"
"240","초등학생","믿는다"
"241","초등학생","믿는다"
"242","초등학생","믿는다"
"243","초등학생","믿는다"
"244","초등학생","믿는다"
"245","초등학생","믿는다"
"246","초등학생","믿는다"
"247","초등학생","믿는다"
"248","초등학생","믿는다"
"249","초등학생","믿는다"
"250","초등학생","믿는다"
"251","초등학생","믿는다"
"252","초등학생","믿는다"
"253","초등학생","믿는다"
"254","초등학생","믿는다"
"255","초등학생","믿는다"
"256","초등학생","믿는다"
"257","초등학생","믿는다"
"258","초등학생","믿는다"
"259","초등학생","믿는다"
"260","초등학생","믿는다"
"261","초등학생","믿는다"
"262","예술인","믿지 않는다"
"263","예술인","믿지 않는다"
"264","예술인","믿지 않는다"
"265","예술인","믿지 않는다"
"266","예술인","믿지 않는다"
"267","예술인","믿지 않는다"
"268","예술인","믿지 않는다"
"269","예술인","믿지 않는다"
"270","예술인","믿지 않는다"
"271","예술인","믿지 않는다"
"272","예술인","믿지 않는다"
"273","예술인","믿지 않는다"
"274","예술인","믿지 않는다"
"275","예술인","믿지 않는다"
"276","전문직장인","믿지 않는다"
"277","전문직장인","믿지 않는다"
"278","전문직장인","믿지 않는다"
"279","전문직장인","믿지 않는다"
"280","전문직장인","믿지 않는다"
"281","전문직장인","믿지 않는다"
"282","전문직장인","믿지 않는다"
"283","전문직장인","믿지 않는다"
"284","전문직장인","믿지 않는다"
"285","전문직장인","믿지 않는다"
"286","전문직장인","믿지 않는다"
"287","전문직장인","믿지 않는다"
"288","전문직장인","믿지 않는다"
"289","전문직장인","믿지 않는다"
"290","전문직장인","믿지 않는다"
"291","전문직장인","믿지 않는다"
"292","전문직장인","믿지 않는다"
"293","전문직장인","믿지 않는다"
"294","전문직장인","믿지 않는다"
"295","전문직장인","믿지 않는다"
"296","전문직장인","믿지 않는다"
"297","전문직장인","믿지 않는다"
"298","전문직장인","믿지 않는다"
"299","전문직장인","믿지 않는다"
"300","전문직장인","믿지 않는다"
"301","전문직장인","믿지 않는다"
"302","전문직장인","믿지 않는다"
"303","전문직장인","믿지 않는다"
"304","전문직장인","믿지 않는다"
"305","전문직장인","믿지 않는다"
"306","전문직장인","믿지 않는다"
"307","전문직장인","믿지 않는다"
"308","전문직장인","믿지 않는다"
"309","전문직장인","믿지 않는다"
"310","전문직장인","믿지 않는다"
"311","전문직장인","믿지 않는다"
"312","전문직장인","믿지 않는다"
"313","전문직장인","믿지 않는다"
"314","전문직장인","믿지 않는다"
"315","전문직장인","믿지 않는다"
"316","전문직장인","믿지 않는다"
"317","전문직장인","믿지 않는다"
"318","전문직장인","믿지 않는다"
"319","전문직장인","믿지 않는다"
"320","전문직장인","믿지 않는다"
"321","전문직장인","믿지 않는다"
"322","전문직장인","믿지 않는다"
"323","전문직장인","믿지 않는다"
"324","전문직장인","믿지 않는다"
"325","전문직장인","믿지 않는다"
"326","전문직장인","믿지 않는다"
"327","전문직장인","믿지 않는다"
"328","전문직장인","믿지 않는다"
"329","전문직장인","믿지 않는다"
"330","전문직장인","믿지 않는다"
"331","전문직장인","믿지 않는다"
"332","전문직장인","믿지 않는다"
"333","전문직장인","믿지 않는다"
"334","전문직장인","믿지 않는다"
"335","일반직장인","믿지 않는다"
"336","일반직장인","믿지 않는다"
"337","일반직장인","믿지 않는다"
"338","일반직장인","믿지 않는다"
"339","일반직장인","믿지 않는다"
"340","일반직장인","믿지 않는다"
"341","일반직장인","믿지 않는다"
"342","일반직장인","믿지 않는다"
"343","일반직장인","믿지 않는다"
"344","일반직장인","믿지 않는다"
"345","일반직장인","믿지 않는다"
"346","일반직장인","믿지 않는다"
"347","일반직장인","믿지 않는다"
"348","일반직장인","믿지 않는다"
"349","일반직장인","믿지 않는다"
"350","일반직장인","믿지 않는다"
"351","일반직장인","믿지 않는다"
"352","일반직장인","믿지 않는다"
"353","일반직장인","믿지 않는다"
"354","일반직장인","믿지 않는다"
"355","일반직장인","믿지 않는다"
"356","일반직장인","믿지 않는다"
"357","일반직장인","믿지 않는다"
"358","일반직장인","믿지 않는다"
"359","일반직장인","믿지 않는다"
"360","일반직장인","믿지 않는다"
"361","일반직장인","믿지 않는다"
"362","일반직장인","믿지 않는다"
"363","일반직장인","믿지 않는다"
"364","일반직장인","믿지 않는다"
"365","일반직장인","믿지 않는다"
"366","일반직장인","믿지 않는다"
"367","일반직장인","믿지 않는다"
"368","일반직장인","믿지 않는다"
"369","일반직장인","믿지 않는다"
"370","일반직장인","믿지 않는다"
"371","일반직장인","믿지 않는다"
"372","일반직장인","믿지 않는다"
"373","일반직장인","믿지 않는다"
"374","일반직장인","믿지 않는다"
"375","일반직장인","믿지 않는다"
"376","일반직장인","믿지 않는다"
"377","일반직장인","믿지 않는다"
"378","일반직장인","믿지 않는다"
"379","일반직장인","믿지 않는다"
"380","일반직장인","믿지 않는다"
"381","일반직장인","믿지 않는다"
"382","일반직장인","믿지 않는다"
"383","일반직장인","믿지 않는다"
"384","일반직장인","믿지 않는다"
"385","일반직장인","믿지 않는다"
"386","일반직장인","믿지 않는다"
"387","일반직장인","믿지 않는다"
"388","일반직장인","믿지 않는다"
"389","일반직장인","믿지 않는다"
"390","일반직장인","믿지 않는다"
"391","일반직장인","믿지 않는다"
"392","일반직장인","믿지 않는다"
"393","일반직장인","믿지 않는다"
"394","일반직장인","믿지 않는다"
"395","일반직장인","믿지 않는다"
"396","일반직장인","믿지 않는다"
"397","일반직장인","믿지 않는다"
"398","일반직장인","믿지 않는다"
"399","일반직장인","믿지 않는다"
"400","일반직장인","믿지 않는다"
"401","일반직장인","믿지 않는다"
"402","일반직장인","믿지 않는다"
"403","일반직장인","믿지 않는다"
"404","일반직장인","믿지 않는다"
"405","일반직장인","믿지 않는다"
"406","일반직장인","믿지 않는다"
"407","일반직장인","믿지 않는다"
"408","일반직장인","믿지 않는다"
"409","일반직장인","믿지 않는다"
"410","일반직장인","믿지 않는다"
"411","일반직장인","믿지 않는다"
"412","일반직장인","믿지 않는다"
"413","일반직장인","믿지 않는다"
"414","일반직장인","믿지 않는다"
"415","일반직장인","믿지 않는다"
"416","일반직장인","믿지 않는다"
"417","일반직장인","믿지 않는다"
"418","일반직장인","믿지 않는다"
"419","일반직장인","믿지 않는다"
"420","일반직장인","믿지 않는다"
"421","일반직장인","믿지 않는다"
"422","일반직장인","믿지 않는다"
"423","일반직장인","믿지 않는다"
"424","일반직장인","믿지 않는다"
"425","일반직장인","믿지 않는다"
"426","일반직장인","믿지 않는다"
"427","일반직장인","믿지 않는다"
"428","일반직장인","믿지 않는다"
"429","일반직장인","믿지 않는다"
"430","일반직장인","믿지 않는다"
"431","일반직장인","믿지 않는다"
"432","일반직장인","믿지 않는다"
"433","일반직장인","믿지 않는다"
"434","일반직장인","믿지 않는다"
"435","일반직장인","믿지 않는다"
"436","일반직장인","믿지 않는다"
"437","일반직장인","믿지 않는다"
"438","일반직장인","믿지 않는다"
"439","일반직장인","믿지 않는다"
"440","일반직장인","믿지 않는다"
"441","일반직장인","믿지 않는다"
"442","일반직장인","믿지 않는다"
"443","일반직장인","믿지 않는다"
"444","일반직장인","믿지 않는다"
"445","일반직장인","믿지 않는다"
"446","일반직장인","믿지 않는다"
"447","일반직장인","믿지 않는다"
"448","일반직장인","믿지 않는다"
"449","일반직장인","믿지 않는다"
"450","일반직장인","믿지 않는다"
"451","일반직장인","믿지 않는다"
"452","일반직장인","믿지 않는다"
"453","일반직장인","믿지 않는다"
"454","일반직장인","믿지 않는다"
"455","일반직장인","믿지 않는다"
"456","일반직장인","믿지 않는다"
"457","일반직장인","믿지 않는다"
"458","일반직장인","믿지 않는다"
"459","일반직장인","믿지 않는다"
"460","일반직장인","믿지 않는다"
"461","일반직장인","믿지 않는다"
"462","일반직장인","믿지 않는다"
"463","일반직장인","믿지 않는다"
"464","일반직장인","믿지 않는다"
"465","일반직장인","믿지 않는다"
"466","일반직장인","믿지 않는다"
"467","일반직장인","믿지 않는다"
"468","일반직장인","믿지 않는다"
"469","일반직장인","믿지 않는다"
"470","일반직장인","믿지 않는다"
"471","일반직장인","믿지 않는다"
"472","일반직장인","믿지 않는다"
"473","일반직장인","믿지 않는다"
"474","일반직장인","믿지 않는다"
"475","일반직장인","믿지 않는다"
"476","일반직장인","믿지 않는다"
"477","일반직장인","믿지 않는다"
"478","일반직장인","믿지 않는다"
"479","일반직장인","믿지 않는다"
"480","주부","믿지 않는다"
"481","주부","믿지 않는다"
"482","주부","믿지 않는다"
"483","주부","믿지 않는다"
"484","주부","믿지 않는다"
"485","주부","믿지 않는다"
"486","주부","믿지 않는다"
"487","주부","믿지 않는다"
"488","주부","믿지 않는다"
"489","주부","믿지 않는다"
"490","주부","믿지 않는다"
"491","주부","믿지 않는다"
"492","주부","믿지 않는다"
"493","주부","믿지 않는다"
"494","주부","믿지 않는다"
"495","주부","믿지 않는다"
"496","주부","믿지 않는다"
"497","주부","믿지 않는다"
"498","주부","믿지 않는다"
"499","주부","믿지 않는다"
"500","주부","믿지 않는다"
"501","주부","믿지 않는다"
"502","주부","믿지 않는다"
"503","초등학생","믿지 않는다"
"504","초등학생","믿지 않는다"
"505","초등학생","믿지 않는다"
"506","초등학생","믿지 않는다"
"507","초등학생","믿지 않는다"
"508","초등학생","믿지 않는다"
"509","초등학생","믿지 않는다"
"510","초등학생","믿지 않는다"
"511","초등학생","믿지 않는다"
"512","초등학생","믿지 않는다"
"513","초등학생","믿지 않는다"
"514","초등학생","믿지 않는다"
"515","초등학생","믿지 않는다"
"516","초등학생","믿지 않는다"
"517","초등학생","믿지 않는다"
"518","초등학생","믿지 않는다"
"519","초등학생","믿지 않는다"
"520","초등학생","믿지 않는다"
"521","초등학생","믿지 않는다"
"522","초등학생","믿지 않는다"
"523","초등학생","믿지 않는다"
"524","초등학생","믿지 않는다"
"525","초등학생","믿지 않는다"
"526","초등학생","믿지 않는다"
"527","초등학생","믿지 않는다"
"528","초등학생","믿지 않는다"
"529","초등학생","믿지 않는다"
"530","초등학생","믿지 않는다"
"531","초등학생","믿지 않는다"
"532","초등학생","믿지 않는다"
"533","초등학생","믿지 않는다"
"534","초등학생","믿지 않는다"
"535","초등학생","믿지 않는다"
"536","초등학생","믿지 않는다"
"537","초등학생","믿지 않는다"
"538","초등학생","믿지 않는다"
"539","초등학생","믿지 않는다"
"540","초등학생","믿지 않는다"
"541","초등학생","믿지 않는다"
"542","초등학생","믿지 않는다"
"543","초등학생","믿지 않는다"
"544","초등학생","믿지 않는다"
"545","초등학생","믿지 않는다"
"546","초등학생","믿지 않는다"
"547","초등학생","믿지 않는다"
"548","초등학생","믿지 않는다"
"549","초등학생","믿지 않는다"
"550","초등학생","믿지 않는다"
"551","초등학생","믿지 않는다"
"552","초등학생","믿지 않는다"
"553","초등학생","믿지 않는다"
"554","초등학생","믿지 않는다"
"555","초등학생","믿지 않는다"
"556","초등학생","믿지 않는다"
"557","초등학생","믿지 않는다"
"558","초등학생","믿지 않는다"
"559","초등학생","믿지 않는다"
"560","초등학생","믿지 않는다"
"561","초등학생","믿지 않는다"
"562","초등학생","믿지 않는다"
"563","초등학생","믿지 않는다"
"564","초등학생","믿지 않는다"
"565","초등학생","믿지 않는다"
"566","초등학생","믿지 않는다"
"567","초등학생","믿지 않는다"
"568","초등학생","믿지 않는다"
"569","초등학생","믿지 않는다"
"570","초등학생","믿지 않는다"
"571","초등학생","믿지 않는다"
"572","초등학생","믿지 않는다"
"573","초등학생","믿지 않는다"
"574","초등학생","믿지 않는다"
"575","초등학생","믿지 않는다"
"576","초등학생","믿지 않는다"
"577","초등학생","믿지 않는다"
"578","초등학생","믿지 않는다"
"579","초등학생","믿지 않는다"
"580","초등학생","믿지 않는다"
"581","초등학생","믿지 않는다"
"582","초등학생","믿지 않는다"
"583","초등학생","믿지 않는다"
"584","초등학생","믿지 않는다"
"585","초등학생","믿지 않는다"
"586","초등학생","믿지 않는다"
"587","초등학생","믿지 않는다"
"588","초등학생","믿지 않는다"
"589","초등학생","믿지 않는다"
